Tweets,len,ID,Date,Source,Likes,RTs
"@EmiratesSupport Hi!
What is going on with the US and Iran. Will the connection flights from DXB to Asia be affecte‚Ä¶ https://t.co/Ea2PFJGQXb",140,1130588140455026688,2019-05-20 21:36:32,Twitter for iPhone,0,0
"@EmiratesSupport hello, I am migrating to Australia soon and was wondering if I can take my AV-receiver on board as‚Ä¶ https://t.co/Ir7qzjlKZu",140,1130582266936266752,2019-05-20 21:13:12,Twitter for Android,0,0
hey @EmiratesSupport! Is there any easy way to see if there‚Äôs a specific tv show or film on ice online. i can see t‚Ä¶ https://t.co/CfrblhCyRJ,140,1130573210540478464,2019-05-20 20:37:13,Twitter for iPhone,0,0
@EmiratesSupport is it possible to get champagne on board?,58,1130569534233034752,2019-05-20 20:22:36,Twitter Web App,0,0
.@EmiratesSupport Flew today in Economy on EK8 from LHR to DXB and paid for the premium $15.99 WiFi. It was awful!‚Ä¶ https://t.co/0uRCvbriD9,139,1130554261824258049,2019-05-20 19:21:55,Twitter for iPad,0,0
"@EmiratesSupport Thanks! As a suggestion, maybe could you start with BTS, and their new album Map of the Soul : Per‚Ä¶ https://t.co/Jn1hKCbHIR",140,1130544347043258372,2019-05-20 18:42:31,Twitter for iPhone,0,0
"Next week, my friend, colleague and all round good guy @UTCW_MrV heads to Uganda to raise awareness of‚Ä¶ https://t.co/fa3RfzyVNh",127,1130540924570865664,2019-05-20 18:28:55,Twitter for iPhone,4,3
"@EmiratesSupport how often do you update music on ICE? It would be great to see more kpop bands like BTS, BKACKPINK‚Ä¶ https://t.co/DjmX2jEd6x",140,1130532881808482310,2019-05-20 17:56:57,Twitter for iPhone,0,0
My poor brother who is on the autism spectrum was ill and vomited before the flight and not only did they throw the‚Ä¶ https://t.co/p2LDgrE35A,140,1130525612869902336,2019-05-20 17:28:04,Twitter for Android,1,0
@EmiratesSupport hi both my wife and I just created a family reward group with our 3 children.Upcoming trip Dublin‚Ä¶ https://t.co/WE0wQfeYAm,139,1130523024661393408,2019-05-20 17:17:47,Twitter for Android,0,0
"@EmiratesSupport Hi Emirates, extremely disappointed with your flights and customer seevice. Currently onboard a te‚Ä¶ https://t.co/Z06i2ALfY3",140,1130514095617269762,2019-05-20 16:42:18,Twitter for iPhone,0,0
@nytimes @NASA_TV @emirates @Emirates247 @EmiratesSupport @JumeirahET @LATAM_CHI @latercera Visit‚Ä¶ https://t.co/DoBOE3VPoS,122,1130508762719166465,2019-05-20 16:21:07,Twitter Web Client,0,0
@Justine_Hamer @EmiratesSupport Hi did u find your luggage. I'm in the same situation.,86,1130487916449284096,2019-05-20 14:58:17,Twitter for Android,0,0
@EmiratesSupport Thanks looking forward to getting feedback on my lost luggage.,79,1130486956213714944,2019-05-20 14:54:28,Twitter for Android,0,0
@EmiratesSupport how can I send to you an email to ask for support? or write with you on Twitter in private?,108,1130464054026407936,2019-05-20 13:23:28,Twitter Web Client,0,0
.@emirates @EmiratesSupport making me book a whole new flight instead of doing a simple surname correction as I boo‚Ä¶ https://t.co/wX09vMuNkb,140,1130448910441484288,2019-05-20 12:23:17,Twitter for iPhone,2,0
"@EmiratesSupport Perfect, thank you.",36,1130442545270525953,2019-05-20 11:58:00,Twitter for iPhone,0,0
@EmiratesSupport Thanks.,24,1130437378412294144,2019-05-20 11:37:28,Twitter for Android,0,0
How can you not be impressed by all work @UTCW_MrV is doing for young people in Warrington and in Uganda? @emirates‚Ä¶ https://t.co/sSnntYADLl,140,1130429607105187841,2019-05-20 11:06:35,Twitter for iPhone,5,3
@EmiratesSupport Done!,22,1130427612772360195,2019-05-20 10:58:39,Twitter for iPhone,0,0
"Amazing work, Mr Varey! Lots of trainers and shoes heading to the children of Uganda thanks to this excellent fundr‚Ä¶ https://t.co/nHpD5cuNZ4",140,1130426557540032512,2019-05-20 10:54:28,Twitter Web Client,3,1
On 25.5.19 I will be flying to Uganda with @emirates @EmiratesSupport and running the Uganda Marathon. I have colle‚Ä¶ https://t.co/GVXj3QsCrD,140,1130420011544305666,2019-05-20 10:28:27,Twitter for iPhone,6,4
@EmiratesSupport hi when travelling to Abu Dhabi who can I speak to about if I need proof for what drugs I'm taking I to Abu Dhabi?,131,1130416798870974466,2019-05-20 10:15:41,Twitter for Android,0,0
@EmiratesSupport what do you mean by DM,39,1130411601792647170,2019-05-20 09:55:02,Twitter for Android,0,0
"@EmiratesSupport Ÿäÿ±ÿ¨Ÿâ ÿßŸÑÿ™ÿ£ŸÉÿØ ŸÖŸÜ private message Ÿà 
Ÿà ÿ¥ŸÉÿ±ÿßŸã",58,1130406514424983552,2019-05-20 09:34:49,Twitter for iPhone,0,0
@EmiratesSupport Hi! I have a scale of 7.5h in Dubai.  Is there a maximum time to stay in the vip lounge of the business class? Thanks!,135,1130398111808073728,2019-05-20 09:01:26,Twitter for iPhone,0,0
@EmiratesSupport I am ready to experience my journey with Emirates one of the most decent airlines service in the world. üëå,122,1130385139043717120,2019-05-20 08:09:53,Twitter for Android,0,0
"@EmiratesSupport hello, how do I up my baggage allowance? I‚Äôm in manage my booking but I can‚Äôt see an option for it?",116,1130383797067759616,2019-05-20 08:04:33,Twitter Web App,0,0
@EmiratesSupport In the month of holly Ramadhan for the sake of ALLAH it‚Äôs a humble request who ever handle this tw‚Ä¶ https://t.co/O8RpKXtXoe,140,1130377201537507329,2019-05-20 07:38:20,Twitter for iPhone,0,0
@EmiratesSupport attention and trust. I request for your help and guidance in getting me a job with which I can ser‚Ä¶ https://t.co/QfiVv0squr,140,1130375367833870336,2019-05-20 07:31:03,Twitter for iPhone,0,0
"@EmiratesSupport Despite inspirational demeanor and hard quest to look for opportunities, I am not able to get a jo‚Ä¶ https://t.co/np5sCgg96F",140,1130375192398761985,2019-05-20 07:30:21,Twitter for iPhone,0,0
"@EmiratesSupport Dear Sir/ Mam
Hope this letter finds you in perfect health.I have a strong academic background and‚Ä¶ https://t.co/X4ehoPt5BN",140,1130375010357600256,2019-05-20 07:29:38,Twitter for iPhone,0,0
@EmiratesSupport Thank you!,27,1130366841757605888,2019-05-20 06:57:10,Twitter for iPhone,0,0
"@EmiratesSupport not for the first time, as a First Class / Business customer with a layover in Dubai, your airport‚Ä¶ https://t.co/fvvPHgQs1I",140,1130351331380801536,2019-05-20 05:55:32,Twitter for Android,1,0
@EmiratesSupport Done,21,1130331402111770624,2019-05-20 04:36:21,Twitter for iPhone,0,0
@EmiratesSupport Dears Emirates team. i have been contact emirates help center for change my flight. but said they‚Ä¶ https://t.co/K9NLyZtSoe,139,1130314041027694592,2019-05-20 03:27:22,Twitter Web Client,0,0
@EmiratesSupport Hi thank you. I've replied to your DM.,55,1130307586408890368,2019-05-20 03:01:43,Twitter for Android,0,0
@EmiratesSupport Ok have done,29,1130306912749121538,2019-05-20 02:59:02,Twitter for iPhone,0,0
@EmiratesSupport @UAEembassyIndia we need your help on the UAE 48 hours free Transit Visa for the passengers who ar‚Ä¶ https://t.co/ypUYABnLo6,140,1130293139774722050,2019-05-20 02:04:19,Twitter for Android,0,0
@EmiratesSupport No Thanks. I have made alternate arrangements.,63,1130290071528194049,2019-05-20 01:52:07,Twitter Web App,0,0
@EmiratesSupport She needs 28 insulin preloaded pen injectors. How many can she take with her?answer precisely #Emirates,120,1130279334911062016,2019-05-20 01:09:27,Twitter Web App,0,0
"@EmiratesSupport She recently underwent cardiac catheterisation and we changed her insulin, this caused her to be h‚Ä¶ https://t.co/Q2q6eo0W0h",140,1130277842720305153,2019-05-20 01:03:31,Twitter Web App,0,0
@EmiratesSupport I am asking a simple question - answer directly. Please stop wasting my time with diplomatic answe‚Ä¶ https://t.co/cZRSge2bni,140,1130276998771859456,2019-05-20 01:00:10,Twitter Web App,0,0
"@EmiratesSupport No relevant reply yet. Let‚Äôs not use DM, have wasted enough time and energy  #emirates",103,1130276018047070212,2019-05-20 00:56:16,Twitter Web App,0,0
"@EmiratesSupport Also is it safe to carry insulin in checked in baggage, will insulin sustain any damage. Have not‚Ä¶ https://t.co/HQK0J6mgW4",139,1130274802281984000,2019-05-20 00:51:27,Twitter Web App,0,0
@EmiratesSupport Can each passenger not take 100 ml containers upto 1 litre in sealable bags? Is insulin prohibited‚Ä¶ https://t.co/XrOsQ6zJnr,140,1130274289100480512,2019-05-20 00:49:24,Twitter Web App,0,0
"Due to some technical issues, baby sister was stuck in the plane and the airport for over 4 hours ! Couldn‚Äôt make i‚Ä¶ https://t.co/M06NemgK7R",140,1130269890470924290,2019-05-20 00:31:55,Twitter for iPhone,0,1
@EmiratesSupport ÿßŸÑÿ≥ŸÑÿßŸÖ ÿπŸÑŸäŸÉŸÖ ÿåÿ®ÿ±ÿ¨ÿßÿ° ÿßÿ±ÿ≥ÿßŸÑ ÿßŸÑÿ®ÿ±ŸäÿØ ÿßŸÑÿßŸÑŸÉÿ™ÿ±ŸàŸÜŸä ŸÑÿÆÿØŸÖÿ© ÿßŸÑÿπŸÖŸÑÿßÿ° ÿßÿµÿ≠ÿßÿ® ÿßŸÑÿßŸÖÿ™ÿπÿ© ÿßŸÑŸÖÿ™ÿ∂ÿ±ÿ±ÿ© .,99,1130269412462878720,2019-05-20 00:30:01,Twitter for iPhone,0,0
@EmiratesSupport Because I have onward ticket to Hungary and the layover duration is more than 8 hours,102,1130265176287039489,2019-05-20 00:13:11,Twitter for Android,0,0
"@EmiratesSupport Okay, if I get it from dubai airport from Express counter in that case it will be free with no add‚Ä¶ https://t.co/uIFbF7mwDF",140,1130264211852947457,2019-05-20 00:09:22,Twitter for Android,0,0
@EmiratesSupport @emirates will  ek019 to Manchester Monday 20/05/2019 be delayed due to issues @manairport,107,1130238612501618689,2019-05-19 22:27:38,Twitter for iPhone,0,0
"@EmiratesSupport hello, need your advice. I‚Äôm unable to check in online after multiple attempts over last few hours https://t.co/ASJSv5wlS0",139,1130227542013763584,2019-05-19 21:43:39,Twitter for iPhone,0,0
"@EmiratesSupport I explained to yr colleague, the (freely given) orange ones aren‚Äôt for sale on the site. Unless th‚Ä¶ https://t.co/ohIhpxhoHb",140,1130207822938017792,2019-05-19 20:25:17,Twitter for iPhone,0,0
"@EmiratesSupport Hi, can you please let me know what the status of your lounge in Shanghai is. It was closed for re‚Ä¶ https://t.co/RjP9MkllKX",140,1130203934004396032,2019-05-19 20:09:50,Twitterrific for Mac,0,0
"@EmiratesSupport Correct, I need to apply but it's free for 48 hours",68,1130187975705284609,2019-05-19 19:06:25,Twitter for Android,0,0
@EmiratesSupport trying to get through to you guys via chat online but keep getting a technical error after 20mins,114,1130186086750326784,2019-05-19 18:58:55,TweetDeck,0,0
"@EmiratesSupport Hi, that's not exactly what I meant. My partner and I have individual balances that we wish to com‚Ä¶ https://t.co/McnmdKriIK",140,1130165548044693507,2019-05-19 17:37:18,Twitter for Android,0,0
@EmiratesSupport Thanks for the support. Got it sorted. Cheers!,63,1130157043913043970,2019-05-19 17:03:31,Twitter for iPhone,0,0
@EmiratesSupport Whole world is saying that my Airline(Emirates) will provide me 48hours FREE transit visa then why‚Ä¶ https://t.co/nfvdgfhE5X,140,1130154352587431937,2019-05-19 16:52:49,Twitter Web Client,0,0
@EmiratesSupport Email: susarlavijayagopal@gmail.com,52,1130152336020496384,2019-05-19 16:44:48,Twitter for Android,0,0
"@EmiratesSupport hi, am flying out tonight from emirates flight in business class and trying to book my ride. Not a‚Ä¶ https://t.co/Vbp8ZibAfo",140,1130150418233876480,2019-05-19 16:37:11,Twitter for iPhone,0,1
@Abramjee @ortambo_int @emirates @DoTransport When I reported to @EmiratesSupport @emirates that my bags were damag‚Ä¶ https://t.co/5DnAn7h232,140,1130146438233690113,2019-05-19 16:21:22,Twitter for iPhone,12,3
"@EmiratesSupport When contributing skywards miles to a family account, how long does it take for the points to show‚Ä¶ https://t.co/tULcORcWj8",140,1130141720585412608,2019-05-19 16:02:37,Twitter for Android,0,0
@EmiratesSupport Require to change seat but unable to do. Require help,70,1130135601955520512,2019-05-19 15:38:19,Twitter for iPhone,0,0
Look forward to a response from @EmiratesSupport https://t.co/Q1agkSB9Yn,72,1130118267916476417,2019-05-19 14:29:26,Twitter for iPhone,0,0
@EmiratesSupport would i need to do singles to America - dubai - Australia? trying to book everything is so confusi‚Ä¶ https://t.co/xbPwQGR7fi,140,1130118249985789952,2019-05-19 14:29:22,Twitter Web Client,0,0
@EmiratesSupport Look 4ward to some action. My experience is beyond disappointing. Phone calls to the baggage team‚Ä¶ https://t.co/lpwj2lUEpL,139,1130106525605715976,2019-05-19 13:42:46,Twitter for Android,0,0
@EmiratesSupport Thanks. Sent,29,1130100677450055680,2019-05-19 13:19:32,Twitter for iPhone,0,0
@EmiratesSupport is it still possible to upgrade a connecting flight once I arrive at my stopover?,98,1130096536359264256,2019-05-19 13:03:05,Twitter for iPhone,0,0
"@EmiratesSupport was in touch several weeks ago for help to get a new Emirates eye mask for my 4 yr old, who wears‚Ä¶ https://t.co/bimLCxHFnN",139,1130078442563805185,2019-05-19 11:51:11,Twitter for iPhone,0,0
"@EmiratesSupport Hi there, sent you details, will I get a reply before I‚Äôm back in the UK? Thank you.",101,1130077757298290688,2019-05-19 11:48:27,Twitter for iPhone,0,0
@EmiratesSupport Seems you have selective reading to me!!,57,1130059320626802688,2019-05-19 10:35:12,Twitter for Android,0,0
@EmiratesSupport You are LIARS. You state on both occasions you wanted to process the upgrade for me. On the first‚Ä¶ https://t.co/8L3HIFkiiP,139,1130057103555551234,2019-05-19 10:26:23,Twitter for Android,0,0
@EmiratesSupport Hello?! FOUR hours I have been trying to sort this. I was up until 2.45am last night!,102,1130051334118313984,2019-05-19 10:03:28,Twitter for Android,0,0
@EmiratesSupport Why would you make a customer call for you for 40 minutes accruing roaming charges after asking th‚Ä¶ https://t.co/FgOpGmVQaJ,140,1130046447611551747,2019-05-19 09:44:03,Twitter for Android,0,0
@EmiratesSupport I was promised a manager would email me BEFORE my flight tomorrow. Why have you lied?,102,1130043056856551424,2019-05-19 09:30:34,Twitter for Android,0,0
@EmiratesSupport My flight is tomorrow and should be investigated before then. Your OWN website tells customers to‚Ä¶ https://t.co/tOUStDcKAp,139,1130037925930983424,2019-05-19 09:10:11,Twitter for Android,0,0
@EmiratesSupport I was told someone would be in contact BEFORE my flight tomorrow but now Emirates has confirmed th‚Ä¶ https://t.co/Ld7PrdSjey,140,1130036380757766144,2019-05-19 09:04:02,Twitter for Android,0,0
@EmiratesSupport And that what you have told me,47,1130031440962424832,2019-05-19 08:44:25,Twitter for Android,0,0
I have never known an airline this bad @emirates @EmiratesSupport.,66,1130022182204190721,2019-05-19 08:07:37,Twitter Web Client,0,0
"@SaudiProjectEN @emirates @EmiratesSupport ¬¥Alla¬¥ Is Almighty And Maybe You Should Pee Into The ""Al""cohol To Get Co‚Ä¶ https://t.co/nGVTZV9b7s",140,1130020202878590976,2019-05-19 07:59:45,Twitter Web Client,0,0
"@EmiratesSupport U have answered me with ""we will use ur feedback to improve our service"" how can u improve it if u‚Ä¶ https://t.co/ZbotU5aE6Y",140,1130016879110688768,2019-05-19 07:46:33,Twitter for Android,0,0
@EmiratesSupport do you offer free seat selection to economy class passenegers?,79,1130001122247233537,2019-05-19 06:43:56,Twitter for Android,0,0
"@EmiratesSupport No Answer??
https://t.co/E3Hwq1XUjC",52,1129962609598488576,2019-05-19 04:10:54,Twitter for iPhone,0,0
@EmiratesSupport @emirates I am planning to book tickets for me and my family (wife and 6 year old daughter) from N‚Ä¶ https://t.co/ZgpDJwwVQB,140,1129863464447553541,2019-05-18 21:36:56,Twitter for Android,0,0
All those empty corporate seats today @emirates @EmiratesSupport @EmiratesFACup when I submitted all my skywards mi‚Ä¶ https://t.co/JcINqrD9iR,140,1129861804761518080,2019-05-18 21:30:20,Twitter for Android,0,0
"@EmiratesSupport Thanks Sent, you can contact me for any additional information, the idea at least on those flights‚Ä¶ https://t.co/2cXKvSQNJV",140,1129849748234612736,2019-05-18 20:42:26,Twitter for iPhone,1,0
"@emirates @EmiratesSupport said that is the best they could do &amp; there is no other alternative, we could either tak‚Ä¶ https://t.co/2lgIcIsMND",144,1129820386844139526,2019-05-18 18:45:45,Twitter for iPhone,0,0
"@EmiratesSupport ŸÖÿ≥ÿßÿ° ÿßŸÑÿÆŸäÿ± .. ŸÖÿßŸáŸä ÿ∑ÿ±ÿßÿ≤ ÿ∑ÿßÿ¶ÿ±ÿßÿ™ŸÉŸÖ ŸÖŸÜ ÿßÿ®Ÿáÿß-ÿ®ÿßÿ±Ÿäÿ≥ &amp; ŸÖŸäŸàŸÜÿÆ-ÿßÿ®Ÿáÿß
ÿ¥ŸÉÿ±ÿßŸã",86,1129819980856475648,2019-05-18 18:44:09,Twitter for iPhone,0,0
@EmiratesSupport They don‚Äôt accept tweeted messages,51,1129818621834878977,2019-05-18 18:38:45,Twitter for iPhone,0,0
@EmiratesSupport I was the one who offered the Information to him. He does not know what he is doing.  What is wron‚Ä¶ https://t.co/qcV4m3em5e,140,1129818488678297601,2019-05-18 18:38:13,Twitter for Android,0,0
@EmiratesSupport I only want what is best for my cats but ur customer service agent does not seem to know what he i‚Ä¶ https://t.co/VuwQu91dc0,140,1129818321032032256,2019-05-18 18:37:33,Twitter for Android,0,0
@EmiratesSupport I am bringing cats to Manila again this June. I called ur customer support and it took that person‚Ä¶ https://t.co/GUEszniSPv,140,1129818006127882240,2019-05-18 18:36:18,Twitter for Android,0,0
"@EmiratesSupport Flight on 20th around 10PM, unable to check in, even after receiving the notification. Please advise.",118,1129809740488355840,2019-05-18 18:03:27,Twitter for Android,0,0
"@EmiratesSupport please can you give me a number or email for customer services, I want to take my complaint furthe‚Ä¶ https://t.co/ecnJaMxoD0",140,1129801659599785984,2019-05-18 17:31:21,Twitter for Android,1,0
@EmiratesSupport Hello again. Can you confirm my daughter has boarded her flight?,81,1129796607837392897,2019-05-18 17:11:16,Twitter for iPhone,0,0
@EmiratesSupport Thank you,26,1129792978422247424,2019-05-18 16:56:51,Twitter for iPhone,0,0
@EmiratesSupport i was travelling on 9th of may 2019.emirates cabin crew was not responding as well as your level.‚Ä¶ https://t.co/AnISkF68gy,139,1129788401908109312,2019-05-18 16:38:40,Twitter for Android,0,0
@emirates @EmiratesSupport incorrect instruction provided by Emirates member of staff on call. Yet they are trying‚Ä¶ https://t.co/sYgkRIaDtJ,139,1129780123308351488,2019-05-18 16:05:46,Twitter for Android,0,0
@emirates @EmiratesSupport Emirates breaking consumer rights act - staff providing incorrect guidance which resulte‚Ä¶ https://t.co/jlGgvDHMnc,140,1129779708231655424,2019-05-18 16:04:07,Twitter for Android,0,0
@EmiratesSupport Ok. I will let her sort,40,1129762613477466113,2019-05-18 14:56:11,Twitter for iPhone,0,0
@EmiratesSupport Olivia.roberts@btinternet.com,46,1129737721822556164,2019-05-18 13:17:17,Twitter for iPhone,0,0
"@EmiratesSupport new reply, kindly check, thanks",48,1129730099748716544,2019-05-18 12:46:59,Twitter Web Client,0,0
Very unfortunate that @EmiratesSupport @emirates has done away with Economy Saver class on ISlamabad-Dubai Sector a‚Ä¶ https://t.co/snUzGvDbeX,140,1129711111887032320,2019-05-18 11:31:32,Twitter Web Client,1,0
"@EmiratesSupport have send you a DM, kindly check and get back to me. thanks.",77,1129709290845945856,2019-05-18 11:24:18,Twitter Web Client,0,0
"@EmiratesSupport Will get back to you later as no details on me right now, if that‚Äôs ok?",88,1129679172463255553,2019-05-18 09:24:37,Twitter for iPhone,0,0
"Hi @EmiratesSupport 

If I Transit In UAE From Oman &amp; My Destination Is Srilanka
I'm Indian Passport Holder

Can I‚Ä¶ https://t.co/E9ydlRyIw8",143,1129677206496600065,2019-05-18 09:16:49,Twitter Web App,1,0
"Then, will the airlines operating in this area guarantee passengers‚Äô safety? @emirates @EmiratesSupport https://t.co/q7ES6LsDvk",127,1129673579031777281,2019-05-18 09:02:24,Twitter for iPhone,0,0
"@EmiratesSupport I would like to increase my baggage allowance, how can increase it...",86,1129651914793054208,2019-05-18 07:36:19,Twitter for Android,0,0
@EmiratesSupport Sent a DM. Thanks!,35,1129638307745357825,2019-05-18 06:42:14,Twitter for iPhone,0,0
@EmiratesSupport Apologies my faith is restored as the staff at the last terminal in Bangkok sorted everything out‚Ä¶ https://t.co/3UnyyBwG7I,139,1129638109476474881,2019-05-18 06:41:27,Twitter Web App,0,0
@marty1826 @EmiratesSupport @shastrymys Same for us there customer service is!!!!!!!!!!!!,89,1129624326607659008,2019-05-18 05:46:41,Twitter for iPhone,0,0
@EmiratesSupport DM please,26,1129617013641424901,2019-05-18 05:17:37,Twitter for iPhone,0,0
"@EmiratesSupport @shastrymys They did nothing for us a few years ago Then ignored all our emails 
Not flew with them since",122,1129612285964673025,2019-05-18 04:58:50,Twitter for iPad,2,0
@EmiratesSupport Thanks.,24,1129611645808832512,2019-05-18 04:56:18,Twitter Web Client,0,0
@EmiratesSupport Hi! Is there a way I can upgrade my flight using my card instead of miles? Thanks.,99,1129608949580255233,2019-05-18 04:45:35,Twitter for iPhone,0,0
@EmiratesSupport sadly the business lounge has become unusable in Dubai Terminal C due to the amount of people you‚Ä¶ https://t.co/NCswVpVFDQ,139,1129602667632836608,2019-05-18 04:20:37,Twitter for iPhone,0,0
@EmiratesSupport @shastrymys If it‚Äôs anything like my terrible experience of @EmiratesSupport they Probably did nothing......,125,1129598362569756672,2019-05-18 04:03:31,Twitter for iPhone,1,1
@EmiratesSupport hi. What time does baggage drop open in Jakarta for EK 357 departure 1755? Thanks,98,1129598278369128449,2019-05-18 04:03:11,Twitter for iPhone,0,0
@EmiratesSupport does choosing seat via skywards causes any additional charges?,79,1129583690470678528,2019-05-18 03:05:13,Twitter for Android,0,0
@EmiratesSupport why did you stop supplying toothpicks in economy class? It‚Äôs no longer in those cutlery packs for a couple of years now.,137,1129581939504103424,2019-05-18 02:58:15,Twitter for iPhone,0,0
@EmiratesSupport Thank you &amp; appreciate your response. I will report on the link,84,1129574575178735616,2019-05-18 02:28:59,Twitter for iPhone,0,0
"@EmiratesSupport 
ÿ™ŸÖ ÿßÿ±ÿ≥ÿßŸÑ ÿ±ÿ≥ÿßŸÑÿ© ÿÆÿßÿµÿ© ŸÖŸÜ ÿÆŸÖÿ≥ÿ© ÿßŸäÿßŸÖ Ÿàÿ≠ÿ™Ÿâ ÿßŸÑŸäŸàŸÖ ŸÑŸÖ Ÿäÿ™ŸÖ ÿßŸÑÿ±ÿØ https://t.co/iKbth6l7Dz",97,1129543302578147328,2019-05-18 00:24:43,Twitter for Android,0,0
"@EmiratesSupport my parents were suppose to be in India, they are with special need and stuck at Dubai airport due‚Ä¶ https://t.co/bT05LpkEqh",139,1129535401323106304,2019-05-17 23:53:20,Twitter Web Client,0,0
"@EmiratesSupport 
DM",20,1129505418500333568,2019-05-17 21:54:11,Tweetbot for iŒüS,0,0
@emirates @EmiratesSupport @HHAhmedBinSaeed ŸáŸÑ ŸäÿπŸÇŸÑ ÿßŸÜ Ÿäÿ™ŸÖ ÿ™ÿ¨ÿßŸáŸÑ ÿßŸÑŸÖÿ≥ÿ¨ÿßÿ™ Ÿà ÿßŸÑŸÖÿ±ÿßÿ≥ŸÑÿßÿ™ ŸÖŸÜ ŸÇÿ®ŸÑ ÿ¥ÿ±ŸÉÿ© ÿπÿßŸÑŸÖŸäÿ©ÿü! ŸáŸÑ ÿßŸÑÿ™ÿ¨ÿßŸá‚Ä¶ https://t.co/FL8MpbsB1Q,140,1129481847250063361,2019-05-17 20:20:31,Twitter for iPhone,0,0
"@EmiratesSupport  
DM",21,1129467284777504776,2019-05-17 19:22:39,Twitter for iPhone,0,0
@EmiratesSupport No problem but I think it was down to the arrival of the flight into Birmingham.. your excellent c‚Ä¶ https://t.co/jt0cAAQ4A6,140,1129465776480620546,2019-05-17 19:16:40,Twitter for iPhone,0,0
@EmiratesSupport Please DM,26,1129462177390194693,2019-05-17 19:02:22,Twitter for iPhone,0,0
@EmiratesSupport Booking ref C75GLS. hi please my flight is tomorrow evening but i checked in on the mobile app. Is‚Ä¶ https://t.co/ey8UloeOHm,140,1129461237153239042,2019-05-17 18:58:37,Twitter for Android,0,0
"@EmiratesSupport charged again, despite my explaining your rules to chauffeur company at Gatwick. Really not a good‚Ä¶ https://t.co/9QnQj4j3Jx",140,1129458045283700736,2019-05-17 18:45:56,Twitter for iPhone,0,0
@EmiratesSupport hola buen d√≠a.. que documentos debo llevar en mano al momento de ingresar al aeropuerto a hacer el‚Ä¶ https://t.co/dOvJdoRTnc,140,1129436217160929281,2019-05-17 17:19:12,Twitter for Android,0,0
@EmiratesSupport I have not yet received a response from you,60,1129432755362762752,2019-05-17 17:05:27,Twitter for Android,0,0
Thanks üëç @EmiratesSupport for sorting out my issue and going the extra mile.....renewed my faith in my favourite airline!,121,1129427931657322496,2019-05-17 16:46:17,Twitter Web Client,0,0
@EmiratesSupport Urgently looking for advice? Can anyone reply today?,69,1129427749419008001,2019-05-17 16:45:33,Twitter for iPhone,0,0
@EmiratesSupport hi .. trying to check in for a flight from BHX-DXB-MAA on Sunday but both the app and online won‚Äôt let you check in?,133,1129416691388223488,2019-05-17 16:01:37,Twitter for iPhone,0,0
"@EmiratesSupport flight EK038 delayed 5hrs30mins. Do you have a claim form for compensation, or what's your process please",122,1129410445939544065,2019-05-17 15:36:48,Twitter for Android,0,0
@EmiratesSupport It is not going through.,41,1129384090908672001,2019-05-17 13:52:04,Twitter for Android,0,0
"@EmiratesSupport hey, I'm trying to complete my personal details on app but it's not letting me add my title - been‚Ä¶ https://t.co/7j8e072UsF",140,1129379374422085638,2019-05-17 13:33:20,Twitter for iPhone,0,0
Taking time to thank @emirates for their topclass service in flight ‚úàÔ∏è Toronto-Dubai-Ahmedabad on 4th May‚Äô19. Also‚Ä¶ https://t.co/2cxoFyPGNV,139,1129377559219544066,2019-05-17 13:26:07,Twitter for iPhone,2,0
@EmiratesSupport @manairport @MENnewsdesk once again inhuman experience for disabled people at Manchester airport.‚Ä¶ https://t.co/bNRrTB4u8z,139,1129375442249703424,2019-05-17 13:17:42,Twitter for Android,0,0
@EmiratesSupport are there Cabin crew recruitment in Kenya?,59,1129374322710204417,2019-05-17 13:13:15,Twitter for Android,0,0
"@EmiratesSupport hi if I enter my skywards number on my fathers booking, will I get the miles? Thanks",101,1129367453761384450,2019-05-17 12:45:58,Twitter for iPhone,0,0
@AskCiti been trying to claim skywards miles which have not been credited since 1 month was told it is done as it w‚Ä¶ https://t.co/XWfT7SXXB5,140,1129352589475237890,2019-05-17 11:46:54,Twitter for iPhone,0,0
@EmiratesSupport And they‚Äôve now taken one member of staff away.,64,1129338381438136326,2019-05-17 10:50:26,Twitter for iPhone,0,0
@EmiratesSupport It‚Äôs taking your staff at Bangkok roughly 25 mins per person to change flights even though we have‚Ä¶ https://t.co/rs2zOn0bRz,140,1129337960984338432,2019-05-17 10:48:46,Twitter for iPhone,0,0
"@emirates @BoeingAirplanes @TripAdvisor It‚Äôs a game over guys 

@EmiratesSupport @emirates Emirates is the best üëèüëèüëè‚Ä¶ https://t.co/MqcQEtGkzo",140,1129335960209113089,2019-05-17 10:40:49,Twitter for iPhone,0,0
@EmiratesSupport Just messaged you. Can you please go check. This is very urgent,80,1129325631685234689,2019-05-17 09:59:47,Twitter for iPhone,0,0
@emirates @EmiratesSupport  I need a refund for my flight from Bangkok to Dubai. First experience gone terribly wro‚Ä¶ https://t.co/vGWZEASTEU,140,1129319369174130694,2019-05-17 09:34:54,Twitter for iPhone,0,0
@EmiratesSupport It‚Äôs all good. Your ground staff in Bkk have been great. And I just got an email from your team sa‚Ä¶ https://t.co/y7FYsMu6Kg,140,1129308263420268544,2019-05-17 08:50:46,Twitter for iPhone,0,0
@MWalMalik @EmiratesSupport weirdest flex ive ever seen,55,1129307491693674497,2019-05-17 08:47:42,Twitter for Android,0,0
"@EmiratesSupport Be so honest to reply me in public, as I'd like to show to all my readers how your company treats‚Ä¶ https://t.co/x7cn7vI3qB",139,1129280768633651200,2019-05-17 07:01:30,Twitter Web App,0,0
"@EmiratesSupport You're not sorry, I'm sorry, as it's more than 1 month that I'm waiting for a proper reply.",108,1129280440764981249,2019-05-17 07:00:12,Twitter Web App,0,0
"Flights get canceled &amp; @Tripair_com, @Jetstar_NZ, @emirates, @EmiratesSupport keep sending the customer to each oth‚Ä¶ https://t.co/0BhmT1Zlgw",144,1129253370559062016,2019-05-17 05:12:38,Twitter Web Client,0,0
"HR sent me a Job offer after sending all da documents:passport,ID. N advise me 2 resign from my current job n join‚Ä¶ https://t.co/iWKr1NjrlD",139,1129239050324533248,2019-05-17 04:15:44,Twitter for Android,0,0
"@EmiratesSupport Take people‚Äôs money then hide behind walls of emails, forms. You don‚Äôt have the bottle to pick up the phone and chat.",134,1129237444442972162,2019-05-17 04:09:21,Twitter for iPhone,0,0
"@EmiratesSupport Just finished online chat and that was as bad as submitting the form. Thanks Emirates, we have had‚Ä¶ https://t.co/Zazqx3u03U",140,1129236830824607744,2019-05-17 04:06:55,Twitter for iPhone,0,0
@EmiratesSupport What is the problem with providing the Twitter account name of your CEO?,89,1129236611693129728,2019-05-17 04:06:03,Twitter for iPhone,0,0
@emirates @EmiratesSupport @Emirates247 is your ceo on Twitter? Can you share his/her Twitter handle? Thanks,108,1129232018678484994,2019-05-17 03:47:48,Twitter for iPhone,0,0
@EmiratesSupport we are still waiting for a resolution to a complaint that started over a year ago. Emirates airlin‚Ä¶ https://t.co/Nk1p8pMBJE,140,1129230018423513088,2019-05-17 03:39:51,Twitter for iPhone,0,0
@EmiratesSupport @hmaroliadsilva What‚Äôs the update on this ? Also can I ask if it is ok for crew to consume alcohol on flights ?,128,1129229138458341377,2019-05-17 03:36:21,Twitter for iPhone,0,0
@EmiratesSupport PNR JD2OER. Am travelling with a toddler. I could have taken the 10.00 am flight from delhi in  an‚Ä¶ https://t.co/FrjRKthATP,140,1129159657417826306,2019-05-16 23:00:15,Twitter for iPhone,1,0
@emirates @EmiratesSupport the airline that makes financial gain out of a tragic situation and does not listen to the voice of the customer,139,1129156838581256192,2019-05-16 22:49:03,Twitter for Android,0,0
@emirates @EmiratesSupport 5 days later still no acknowledgement following my complaint about the worst customer se‚Ä¶ https://t.co/Lkek8LbVCM,140,1129156268562747393,2019-05-16 22:46:47,Twitter for Android,0,0
@EmiratesSupport ÿßŸÑÿ≥ŸÑÿßŸÖ ÿπŸÑŸäŸÉŸÖ ŸÉŸäŸÅ ÿßÿ∑ŸÑÿπ ÿ±ŸÇŸÖ ÿßŸÑŸÖÿ≥ÿßŸÅÿ± ÿßŸÑÿØÿßÿ¶ŸÖ ŸÑŸÑÿ∑ŸÅŸÑ ÿü,65,1129154441259769858,2019-05-16 22:39:32,Twitter for iPhone,0,0
@EmiratesSupport Hi I am trying to check in online but my problem is that on my passport I just have a first name a‚Ä¶ https://t.co/I8RA38Rpoi,140,1129151076110876678,2019-05-16 22:26:09,Twitter for Android,0,0
@EmiratesSupport dm,19,1129150016260583424,2019-05-16 22:21:57,Twitter for Android,0,0
"@EmiratesSupport Hi, I‚Äôve sent you a message regarding my upcoming holiday - can you advise when I‚Äôll get a reply please?",121,1129147406568906753,2019-05-16 22:11:34,Twitter for iPhone,0,0
@emirates @EmiratesSupport - we are a family of 6 travelling from delhi to Amsterdam by ek513 and flight is delayed‚Ä¶ https://t.co/Lm0bkDK2qK,140,1129146987604062215,2019-05-16 22:09:55,Twitter for iPhone,0,0
@EmiratesSupport Ok thanks,26,1129130586487033857,2019-05-16 21:04:44,Twitter for iPhone,0,0
"@EmiratesSupport hi, how do I choose a seat for a journey I have booked in August? I can‚Äôt seem to do it ?",106,1129128086119813122,2019-05-16 20:54:48,Twitter for iPhone,0,0
"@EmiratesSupport hi, I'm due to fly with yourselves from Manchester to Bangkok. I'm also a type 1 diabetic, do extr‚Ä¶ https://t.co/0zq3eyO9ir",140,1129109572021567488,2019-05-16 19:41:14,Twitter for Android,1,0
@EmiratesSupport I don't think you are understanding me here. Nobody has bothered to actually help him in 6 months‚Ä¶ https://t.co/ERYWWXetPt,139,1129096076386947072,2019-05-16 18:47:36,Twitter for Android,0,0
"@EmiratesSupport Well perhaps that policy should be changed? Every time he has initiated a DM to you, nothing has c‚Ä¶ https://t.co/ej9Y5cydO0",140,1129086778671919104,2019-05-16 18:10:40,Twitter for Android,0,0
"@EmiratesSupport I finally did! Though, for the life of me, I can't fathom how my checked in seat of 56G turned int‚Ä¶ https://t.co/Ze2jhBMIp0",140,1129079068127834112,2019-05-16 17:40:01,Twitter for Android,0,0
@EmiratesSupport Thanks so much for your help and information,61,1129070300677771264,2019-05-16 17:05:11,Twitter for iPhone,0,0
"@EmiratesSupport Just a reminder, @AllanCartee is still waiting for you to reach out to him through DM. He is looki‚Ä¶ https://t.co/lrHDwpD7IQ",140,1129070132955758592,2019-05-16 17:04:31,Twitter for Android,0,0
@EmiratesSupport do you happen to offer bereavement fare discount?,66,1129067248096808961,2019-05-16 16:53:03,Twitter for iPhone,0,0
@EmiratesSupport ÿßÿ±ÿ¨Ÿà ÿßŸÑÿ•ÿ¨ÿßÿ®ÿ© ÿπŸÑŸâ ÿßÿ≥ÿ™ŸÅÿ≥ÿßÿ±Ÿä ÿ®ÿßŸÑÿÆÿßÿµ,49,1129067095206109184,2019-05-16 16:52:27,Twitter for Android,0,0
"@EmiratesSupport No, Thank You!",31,1129062745293426688,2019-05-16 16:35:10,Twitter for Android,0,0
@EmiratesSupport Private message sent.,38,1129043532633837568,2019-05-16 15:18:49,Twitter for Android,0,0
@richardmehr @charles_watts @UEFA @emirates @EmiratesSupport,60,1129038583141150720,2019-05-16 14:59:09,Twitter for Android,0,0
@EmiratesSupport üëç üëç üëç üëç üëç Great stuff #birthdaycake @emirates are amazing! Thank you. https://t.co/KnnZ22hoHF,110,1129032052693712896,2019-05-16 14:33:12,Twitter for Android,0,0
@EmiratesSupport is there an option to still order birthday cake for a flight?,78,1129027786755268608,2019-05-16 14:16:15,Twitter for iPhone,0,0
"Wondering how to get my lost bag. Travelled with @emirates bag didn't arrive. I've called, emailed, live chat. No s‚Ä¶ https://t.co/0axPdq8O1r",140,1129003665920909312,2019-05-16 12:40:24,Twitter for Android,0,1
"@EmiratesSupport lost my bag. Reported on arrival. Been trying to followup. Phone, live chat, email. No luck. Has a‚Ä¶ https://t.co/SZqed5wAIN",140,1129001374975270913,2019-05-16 12:31:18,Twitter for Android,0,1
"@EmiratesSupport 
Flying from AMS to CGK best week,
Is it true there are diapers on-board for my 1year old daughter?
Thanks.",124,1128977420273496069,2019-05-16 10:56:07,Twitter for Android,0,0
@EmiratesSupport DMM,20,1128975433695977473,2019-05-16 10:48:13,Twitter for iPhone,0,0
"@EmiratesSupport Sent. And i would like to make it clear, my full name without using space will be 28 characters. B‚Ä¶ https://t.co/HttdlvlYY4",140,1128971219703721985,2019-05-16 10:31:28,Twitter for Android,0,0
@EmiratesSupport @emirates Thanks for checking this,51,1128967115455815680,2019-05-16 10:15:10,Twitter for Android,0,0
@EmiratesSupport great flight from Harare to Dubai on Monday night but disappointed as I feel the kids meal my daug‚Ä¶ https://t.co/duV2A2Ot95,140,1128959837621170176,2019-05-16 09:46:15,Twitter for iPhone,0,0
@rpandey_Bravo @emirates @BBCWorld @TOIIndiaNews @EmiratesSupport ‡§á‡§∏‡§∏‡•á ‡§™‡§§‡§æ ‡§ö‡§≤‡§§‡§æ ‡§π‡•à ‡§ï‡§ø ‡§∏‡§Ç‡§∏‡•ç‡§ï‡§æ‡§∞ ‡§ï‡•ã‡§à ‡§¨‡§æ‡§ú‡§æ‡§∞ ‡§Æ‡•á‡§Ç ‡§ñ‡§∞‡•Ä‡§¶‡§®‡•á ‡§∏‡•á ‡§®‡§π‡•Ä‡§Ç ‡§Æ‡§ø‡§≤‡§§‡§æ ‡§π‡•à‡•§,132,1128946062654181376,2019-05-16 08:51:30,Twitter for Android,0,0
"@emirates @EmiratesSupport Shout out  &amp; BIG THANK YOU to Emirates customer service, catering &amp; your outstanding fli‚Ä¶ https://t.co/nr2ToYXTHR",148,1128939031637766145,2019-05-16 08:23:34,Twitter Web Client,0,0
"@EmiratesSupport dear Emirates, i've bought a ticket to Paris via Dubai by online. I don't understand why was my mi‚Ä¶ https://t.co/wgQ2pvKEwO",140,1128938511619448837,2019-05-16 08:21:30,Twitter for Android,0,0
@EmiratesSupport Thanks yes some what is a reply. https://t.co/s2xsp9Db40,73,1128935240725016577,2019-05-16 08:08:30,Twitter for Android,0,0
"This is how works the @emirates customer service. I was a business class traveller, they damaged my luggage and no‚Ä¶ https://t.co/Qgg2vZbCqX",139,1128925817302601729,2019-05-16 07:31:03,Twitter Web App,0,0
"@EmiratesSupport Hi, me n my husband had a flight from delhi today (EK 513) scheduled departure time (4:15 am) and‚Ä¶ https://t.co/cHttAuld7M",139,1128916130725335041,2019-05-16 06:52:34,Twitter for Android,0,0
@EmiratesSupport You miss the point! I pay for a flight and I don't expect to pay for a seat. Years of using emirat‚Ä¶ https://t.co/M44RyqyTAz,140,1128914939819831296,2019-05-16 06:47:50,Twitter Web App,0,0
"@EmiratesSupport Have a look, If you could help? https://t.co/Tmbs3eQN8N",72,1128879989049315329,2019-05-16 04:28:57,Twitter for iPhone,0,0
@EmiratesSupport I pay for the flight I don't expect to pay for a seat! I will just use BA because emirates seem to ne turning into Ryanair,139,1128878624688562176,2019-05-16 04:23:32,Twitter Web App,0,0
"@rpandey_Bravo @emirates @BBCWorld @TOIIndiaNews @EmiratesSupport It shows Money can't add gud ""sanskar"" in ur pers‚Ä¶ https://t.co/s3IaO0HLuP",140,1128866379862380544,2019-05-16 03:34:52,Twitter for Android,1,0
@rpandey_Bravo @emirates @BBCWorld @TOIIndiaNews @EmiratesSupport ‡§ú‡§Ø ‡§ú‡§Ø,71,1128852057970995200,2019-05-16 02:37:58,Twitter for Android,0,0
@EmiratesSupport @EmiratesSupport uhmm im still waiting for a resolution? what is with you guys? I have 2 trips com‚Ä¶ https://t.co/KatpmY2WJc,140,1128851991340421126,2019-05-16 02:37:42,Twitter for Android,0,0
@EmiratesSupport Check your customer care messages,50,1128836659053600769,2019-05-16 01:36:46,Twitter for iPhone,0,0
@rpandey_Bravo @emirates @BBCWorld @TOIIndiaNews @EmiratesSupport ‡§µ‡§æ‡§π ‡§ó‡§ú‡§º‡§¨ ‡§≠‡§à‡§Ø‡§æüôèüôè,81,1128830395984646144,2019-05-16 01:11:53,Twitter for Android,0,0
"@EmiratesSupport If i am having a connection flight and will be staying in DXB for 16 hours, can i enter the city?",114,1128801119621275655,2019-05-15 23:15:33,Twitter for iPhone,0,0
@EmiratesSupport DM'd. Thanks heaps!,36,1128798697590931456,2019-05-15 23:05:56,Twitter Web App,0,0
@EmiratesSupport @NZYellow If it was Qatar airways  they will offer him a free upgrade üôÑ,88,1128797042661306374,2019-05-15 22:59:21,Twitter for iPhone,0,0
"@EmiratesSupport ÿ£ŸáŸÑÿßŸã
ŸÇŸäŸÖÿ©ÿßŸÑÿ™ÿ∞ŸÉÿ±ÿ© 478‚Ç¨ Ÿàÿ¥ÿ±Ÿàÿ∑ ÿßŸÑÿ™ÿ∞ŸÉÿ±ÿ© ÿ™ŸÜÿµ ÿπŸÑŸâ ÿ£ŸÜŸá""ŸÑÿß ŸäŸàÿ¨ÿØ ÿ±ÿ≥ŸàŸÖ ÿπŸÑŸâ ÿßŸÑÿßÿ≥ÿ™ÿ±ÿØÿßÿØ"" ŸÅŸÅŸä ÿ≠ÿßŸÑÿ© ÿßŸÑÿ∫ÿßÿ° ÿßŸÑÿ≠ÿ¨ÿ≤‚Ä¶ https://t.co/nGlXWPjZgU",139,1128777692952899584,2019-05-15 21:42:28,Twitter for iPhone,0,0
"@EmiratesSupport Need urgent assistance- booking reference no U5YVXU, baggage ref no AMSEK14665. Pls read the case‚Ä¶ https://t.co/0SS3UTi2eh",139,1128775678248271875,2019-05-15 21:34:27,Twitter Web App,0,0
@EmiratesSupport hi I‚Äôm travelling to Dubai from the uk tomorrow what is the luggage allowance??,96,1128775017410506753,2019-05-15 21:31:50,Twitter for iPhone,0,0
"@AbhijeetSVaidya @emirates @EmiratesSupport Not surprised, had similar issue while I came back from HK.",103,1128759089117396998,2019-05-15 20:28:32,Twitter for Android,0,0
@EmiratesSupport @NZYellow Poor,31,1128756687341539328,2019-05-15 20:19:00,Twitter for iPhone,0,0
"@EmiratesSupport hi! i would like to check my booking L4KQXF, seems to me i change name and surname of 1 passenger",114,1128755085964656642,2019-05-15 20:12:38,Twitter Web Client,0,0
@OAG_Aviation @AF_editorial @nolinoraviation @luxury_travel @AvWeekScho @airfarewatchdog @ACIWorld @mina_ysf‚Ä¶ https://t.co/FFKFgC8Yqk,133,1128750912242159617,2019-05-15 19:56:03,Twitter for iPhone,0,0
@EmiratesSupport please provide me with a phone number or email address for customer services as I'd like to take m‚Ä¶ https://t.co/CPkp1LL1zz,140,1128750661347291138,2019-05-15 19:55:03,Twitter for Android,0,0
@rpandey_Bravo @emirates @BBCWorld @TOIIndiaNews @EmiratesSupport ‡§ó‡§ú‡§¨ ‡§¨‡§æ‡§¨‡§æ ‡§ó‡§ú‡§¨,78,1128744866689589248,2019-05-15 19:32:01,Twitter for Android,0,0
@EmiratesSupport Yes but I had to pay a change fee and the difference even though I explained there was an accident‚Ä¶ https://t.co/48AtKfOh8H,140,1128744459007668224,2019-05-15 19:30:24,Twitter for iPhone,0,0
It‚Äôs pathetic the kind of people do travel in @emirates #first_class  @BBCWorld @TOIIndiaNews @EmiratesSupport https://t.co/twzjPdpxQU,134,1128742863054036993,2019-05-15 19:24:04,Twitter for iPhone,31,1
@Supersi1 @emirates @Airbus @manairport @EmiratesSupport @AirbusintheUK @a380fanclub @TheA380Airbus What a incredible picture!!,127,1128742189486546945,2019-05-15 19:21:23,Twitter for iPhone,0,0
@ajspireite @emirates @Airbus @manairport @EmiratesSupport @AirbusintheUK @a380fanclub @TheA380Airbus Thank you!! I‚Äôm glad you like it! üëåüèª,138,1128693932680994816,2019-05-15 16:09:38,Twitter for iPad,1,0
"@emirates @EmiratesSupport On a positive note, the dinner served was one of the better in-flight meals I have had.",114,1128691299002068995,2019-05-15 15:59:10,Twitter Web App,0,0
"Disappointed with the in-flight catering in the @emirates flight EK048, which departed at 22:30 and arrived at 6:30‚Ä¶ https://t.co/wlNtki4zEE",140,1128690543263924228,2019-05-15 15:56:10,Twitter Web App,1,1
@EmiratesSupport Thanks folks however would prefer to know options before I commit to booking can you still help ?,114,1128685309024178181,2019-05-15 15:35:22,Twitter for iPhone,0,0
@Simon86Williams @Chris_Stark @EmiratesSupport @NZYellow ü§£,58,1128684874108416000,2019-05-15 15:33:38,Twitter for Android,0,0
@Chris_Stark @EmiratesSupport @NZYellow @Woodlin37,50,1128684055095066624,2019-05-15 15:30:23,Twitter for iPhone,1,0
@Supersi1 @emirates @Airbus @manairport @EmiratesSupport @AirbusintheUK @a380fanclub @TheA380Airbus Great photo ! C‚Ä¶ https://t.co/08OC83C30J,140,1128682442603233281,2019-05-15 15:23:58,Twitter for iPhone,1,0
@EmiratesSupport iOS version 12.2  Device : iPhone XR,53,1128667836447186944,2019-05-15 14:25:56,Twitter Web Client,0,0
@EmiratesSupport Thank you. Unfortunately I didn‚Äôt make it :(,61,1128666720871301121,2019-05-15 14:21:30,Twitter for iPhone,0,0
@EmiratesSupport @NZYellow Would be a different story if he was rich or famous though wouldn't it! It's all about greed.,120,1128649544105897984,2019-05-15 13:13:15,Twitter for Android,1,0
"@EmiratesSupport Hi!
Flight EK322 had a cockroach roaming about One of the on board crew said he'd report the pest‚Ä¶ https://t.co/bNS1pbbme5",139,1128646350428442625,2019-05-15 13:00:33,Twitter for Android,0,0
@EmiratesSupport No worries - not yet booked,44,1128645447688642560,2019-05-15 12:56:58,Twitter for iPhone,0,0
"@EmiratesSupport @NZYellow Hey @AirCanada, As a huge @WatfordFC fan, I‚Äôm heading to the FA Cup final with my son an‚Ä¶ https://t.co/Xl1AEr69Uy",140,1128643296270544897,2019-05-15 12:48:25,Twitter for iPhone,2,0
@EmiratesSupport @NZYellow @emirates @EmiratesSupport,53,1128642108951285760,2019-05-15 12:43:42,Twitter for iPhone,0,0
@EmiratesSupport @NZYellow Poor from you @emirates - you had a real chance to show some great customer service with‚Ä¶ https://t.co/ckUVWYkn1X,140,1128641907473682434,2019-05-15 12:42:54,Twitter for iPhone,1,0
@EmiratesSupport Como fa√ßo para solicitar milhas j√° voadas? n√£o consigo fazer pelo site.,88,1128629588807094272,2019-05-15 11:53:57,Twitter Web Client,0,0
"@EmiratesSupport Hi, The @emirates iOS application is taking long time (unusual) for every action in the app, when‚Ä¶ https://t.co/CICvyTQfxP",139,1128624767194542080,2019-05-15 11:34:47,Twitter Web Client,0,0
"@EmiratesSupport Hi, I am an Etihad gold member and wondered if this could be matched on Skywards? Thanks",105,1128624372946747393,2019-05-15 11:33:13,Twitter for iPhone,0,0
@EmiratesSupport i sent you dm asking about your office hours during Ramadan kindly check it out,96,1128621601275228161,2019-05-15 11:22:13,Twitter for Android,0,0
@EmiratesSupport Ÿáÿ∞ÿß ÿ±ŸÇŸÖ ÿßŸÑŸÖÿ±ÿ¨ÿπ AL/7506747,42,1128619285205667841,2019-05-15 11:13:00,Twitter for iPhone,0,0
@EmiratesSupport I made a book for a group of 3 and 2 of skyward‚Äôs number are switched. I can‚Äôt switch anymore or a‚Ä¶ https://t.co/3jq8cE9xre,140,1128617416928313344,2019-05-15 11:05:35,Twitter for iPhone,0,0
@EmiratesSupport @NZYellow Make it happen @EmiratesSupport,58,1128612157053075457,2019-05-15 10:44:41,Twitter for iPhone,1,0
@EmiratesSupport @NZYellow Poor show.,37,1128611201032830976,2019-05-15 10:40:53,Twitter for iPhone,0,0
@emirates @EmiratesSupport We've never flown emirates before so was concerned if this will cause any problems (she‚Ä¶ https://t.co/kl64bMSoZD,139,1128604959136632832,2019-05-15 10:16:05,Twitter Web App,0,0
"@emirates @EmiratesSupport but after submitting, she noticed the two words had become one. Is that normal?",106,1128604079209345024,2019-05-15 10:12:35,Twitter Web App,0,0
"Hi @emirates &amp; @EmiratesSupport.
My friend's first name contains 2 words, separated by a space. She just booked her‚Ä¶ https://t.co/MheopfIegi",144,1128603590241570816,2019-05-15 10:10:39,Twitter Web App,0,0
"@EmiratesSupport appalled by the service  from LHR to Dubai connecting to Denpasar 
Not only was flight delayed fro‚Ä¶ https://t.co/rF4ofKoKqK",140,1128600335172423681,2019-05-15 09:57:42,Twitter for Android,3,1
@EmiratesSupport @NZYellow Don‚Äôt be a Karl...,45,1128599478582296576,2019-05-15 09:54:18,Twitter for iPhone,121,0
"@EmiratesSupport @NZYellow @EmiratesSupport I guess that officially no ""free"" upgrades are allowed, but you know an‚Ä¶ https://t.co/H378B83XjU",140,1128598610516566016,2019-05-15 09:50:51,Twitter Web Client,3,0
@salpat123 @emirates @Airbus @manairport @EmiratesSupport @AirbusintheUK @a380fanclub @TheA380Airbus Absolutely thi‚Ä¶ https://t.co/C85I6CVtl1,140,1128595596527448071,2019-05-15 09:38:53,Twitter for iPad,1,0
@EmiratesSupport @NZYellow If you pay for it then it‚Äôs surely not an upgrade?,77,1128591518606999552,2019-05-15 09:22:40,Twitter for iPhone,1,0
"@EmiratesSupport @NZYellow It can be done at the discretion of the on board crew, although they don‚Äôt admit to it",113,1128590981446737920,2019-05-15 09:20:32,Twitter for iPhone,2,0
@Supersi1 @emirates @Airbus @manairport @EmiratesSupport @AirbusintheUK @a380fanclub @TheA380Airbus Morning flight‚Ä¶ https://t.co/G40zQK3lTD,139,1128589650518474752,2019-05-15 09:15:15,Twitter for iPhone,1,0
@EmiratesSupport @NZYellow Dry shites,37,1128587353931636737,2019-05-15 09:06:07,Twitter for Android,15,0
@NZYellow @emirates @EmiratesSupport,36,1128586068452872192,2019-05-15 09:01:01,Twitter for iPhone,0,0
@EmiratesSupport ÿßŸÑÿÆÿßÿµ Ÿäÿ™ÿßÿÆÿ± ŸÅŸä ÿßŸÑÿ±ÿØ ŸàŸÑŸÉŸÜ ŸáŸÜÿß ŸÅŸÇÿØ ŸäŸÅŸäÿØŸÜŸä ÿßÿ≠ÿØ ŸÖŸÜ ÿßŸÑÿßÿÆŸàÿßŸÜ ÿ≠ÿµŸÑ ŸÑÿ© ŸÖÿ´ŸÑŸä ÿ®ŸÅŸÇÿØÿßŸÜ ÿ≠ŸÇŸäÿ®ÿ™ÿ© ŸàŸäÿÆÿ®ÿ± ŸáŸÑ ÿ™ŸÖ ÿ™ÿπŸàŸäÿ∂‚Ä¶ https://t.co/3v1oJp2aMJ,140,1128581490957332480,2019-05-15 08:42:50,Twitter for iPhone,0,0
@EmiratesSupport ÿßÿÆŸä ÿßŸÑŸÉÿ±ŸäŸÖ ÿ≠ÿ≥ÿßŸÖ ŸÑŸÑÿßÿ≥ŸÅ ÿπŸÜÿØŸÖÿß ÿßÿ±ÿ≥ŸÑ ÿπŸÑŸâ ÿßŸÑÿÆÿßÿµ Ÿäÿßÿ™Ÿä ÿßŸÑÿ±ÿØ ÿ®ÿπÿØ ŸäŸàŸÖŸäŸÜ ÿßŸà ÿ´ŸÑÿßÿ´ÿ©,88,1128580664809402369,2019-05-15 08:39:33,Twitter for iPhone,0,0
@Supersi1 @manairport @emirates @Airbus @EmiratesSupport @AirbusintheUK @a380fanclub @TheA380Airbus Yesss üòù @manairport here we come! üòÇ,135,1128579922967003137,2019-05-15 08:36:36,Twitter for iPhone,0,0
@ManAviation1107 @manairport @emirates @Airbus @EmiratesSupport @AirbusintheUK @a380fanclub @TheA380Airbus https://t.co/4Y4dr13sM4,130,1128579756251914242,2019-05-15 08:35:56,Twitter for iPad,1,0
@Supersi1 @manairport @emirates @Airbus @EmiratesSupport @AirbusintheUK @a380fanclub @TheA380Airbus Then we‚Äôll have a trip to @manairport üòù,139,1128579385047564288,2019-05-15 08:34:28,Twitter for iPhone,1,0
@ManAviation1107 @manairport @emirates @Airbus @EmiratesSupport @AirbusintheUK @a380fanclub @TheA380Airbus ü§£ü§£ü§£ don‚Äô‚Ä¶ https://t.co/uqdhEeT6HB,140,1128579186036285441,2019-05-15 08:33:40,Twitter for iPad,0,0
@Supersi1 @manairport @emirates @Airbus @EmiratesSupport @AirbusintheUK @a380fanclub @TheA380Airbus Oh I could do w‚Ä¶ https://t.co/Fgkc6Bcn15,140,1128578086688129024,2019-05-15 08:29:18,Twitter for iPhone,1,0
@ManAviation1107 @manairport @emirates @Airbus @EmiratesSupport @AirbusintheUK @a380fanclub @TheA380Airbus ü§£ü§£ü§£ https://t.co/zrWqmKcV88,134,1128577897638375424,2019-05-15 08:28:33,Twitter for iPad,1,0
"@manairport @emirates @Airbus @EmiratesSupport @AirbusintheUK @a380fanclub @TheA380Airbus I‚Äôm not saying I‚Äôm needy,‚Ä¶ https://t.co/UFrQyK9Q36",140,1128577712543739904,2019-05-15 08:27:49,Twitter for iPad,1,0
@Supersi1 @manairport @emirates @Airbus @EmiratesSupport @AirbusintheUK @a380fanclub @TheA380Airbus Tbh I‚Äôm feeling‚Ä¶ https://t.co/n9Jsknwzp2,140,1128577510701174784,2019-05-15 08:27:01,Twitter for iPhone,1,0
@Supersi1 @emirates @Airbus @EmiratesSupport @AirbusintheUK @a380fanclub @TheA380Airbus https://t.co/jtiFbCpKcK,111,1128576997905530880,2019-05-15 08:24:58,Twitter Web Client,1,0
"@EmiratesSupport Sorry 
Samveg.venus@hotmail.com",48,1128576974354403328,2019-05-15 08:24:53,Twitter for Android,0,0
@EmiratesSupport Samavesh.venus@gmail.com,41,1128576853235494912,2019-05-15 08:24:24,Twitter for Android,0,0
@EmiratesSupport No issues here :-),35,1128573562728611840,2019-05-15 08:11:19,Twitter for iPhone,0,0
@AirbusintheUK @emirates @Airbus @manairport @DXB @EmiratesSupport @MAComRels @MT_Aviation @speedbird_uk Thank you very much! ‚ò∫Ô∏è‚úàÔ∏è,130,1128571040790192128,2019-05-15 08:01:18,Twitter for iPhone,0,0
"@manairport @emirates @Airbus @EmiratesSupport @AirbusintheUK @a380fanclub @TheA380Airbus Thank you, is there any c‚Ä¶ https://t.co/szqvht8C8R",140,1128567888640716800,2019-05-15 07:48:47,Twitter for iPad,0,0
@Supersi1 @emirates @Airbus @EmiratesSupport @AirbusintheUK @a380fanclub @TheA380Airbus This photo is giving us som‚Ä¶ https://t.co/SkbkQEvkbd,140,1128559550838263808,2019-05-15 07:15:39,Twitter Web Client,1,0
What a great way to start the morning with @emirates @airbus A380-800 glowing in the early morning light prior to t‚Ä¶ https://t.co/bhrSU86q4x,140,1128557166472957952,2019-05-15 07:06:10,Twitter Web App,79,14
@EmiratesSupport wondering why price match is not an option?!? And  why do you charge for flight time change when t‚Ä¶ https://t.co/EhSZvz2KvX,140,1128554062989922304,2019-05-15 06:53:50,Twitter for Android,0,0
"@EmiratesSupport I am very disappointed with Emirates customer service &amp; follow ups.
I was traveling to Amsterdam f‚Ä¶ https://t.co/wqqwyJ7pMT",144,1128553863030566912,2019-05-15 06:53:03,Twitter for Android,0,0
@EmiratesSupport Hi I have messaged you my email id.,52,1128551678662270977,2019-05-15 06:44:22,Twitter Web Client,0,0
@EmiratesSupport Thank you,26,1128531354835148800,2019-05-15 05:23:36,Twitter for iPhone,0,0
@EmiratesSupport done,21,1128520753790328832,2019-05-15 04:41:29,Twitter Web Client,0,0
@EmiratesSupport I have flewn with you and would like to book new but can not log in?,85,1128507000504180736,2019-05-15 03:46:50,Twitter Web Client,0,0
@ManAviation1107 @emirates @Airbus @manairport @DXB @EmiratesSupport @MAComRels @MT_Aviation @speedbird_uk Great photo!,119,1128502630035140608,2019-05-15 03:29:28,Twitter Web Client,1,0
"@EmiratesSupport Hi,  there's nothing to worry about, thanks for asking, aku cuma sambat kok min heheh",102,1128502607574519808,2019-05-15 03:29:22,Twitter for Android,0,0
@EmiratesSupport Done!,22,1128487691144712192,2019-05-15 02:30:06,Twitter for iPhone,0,0
@EmiratesSupport do you really support passengers concerns ? I really doubt your sincerity,90,1128470900431511552,2019-05-15 01:23:23,Twitter for iPhone,0,0
@EmiratesSupport Can you help me with a international flight from S√£o Paulo to Santiago ? Is there a brazilian prof‚Ä¶ https://t.co/Uwp2rRTYPA,140,1128462069840400389,2019-05-15 00:48:17,Twitter for Android,0,0
I remember when @emirates was known for their great customer service. Now the attendants are just rude and not at a‚Ä¶ https://t.co/KZe6uT2Q2g,140,1128433875640901635,2019-05-14 22:56:15,Twitter for iPhone,3,0
"@EmiratesSupport The bag arrived today may 14 at 6pm and as mentioned earlier after more than 48 hours.
What‚Äôs the‚Ä¶ https://t.co/bF1mTJZX6n",139,1128422027638050817,2019-05-14 22:09:11,Twitter for iPhone,0,0
@emirates @EmiratesSupport You should know that your economy  cabin crew on flight EK112 from Budapest to Dubai are‚Ä¶ https://t.co/AjtAacvl9x,140,1128387528187363329,2019-05-14 19:52:05,Twitter for iPhone,0,0
"@EmiratesSupport hello , see DM",31,1128384719610159106,2019-05-14 19:40:56,Twitter Web Client,0,0
@EmiratesSupport hi my name is jamshil. We are already sent a compliant for your attention in emirates feedback. pl‚Ä¶ https://t.co/CHNe5AIJwz,140,1128378946742042625,2019-05-14 19:17:59,Twitter for Android,0,0
@EmiratesSupport ÿßŸÜÿß ÿ∑Ÿäÿßÿ±ÿ™Ÿä Ÿ°Ÿ† ŸäŸàŸÜŸäŸà ŸÖŸÜ ÿßŸÑÿ±Ÿäÿßÿ∂ ŸÑÿØÿ®Ÿä Ÿà ÿßŸÜÿ™ÿ∏ÿßÿ± ŸÖÿØÿ© ÿ≥ÿßÿπÿ© ŸÅŸÇÿ∑ ŸÇÿ®ŸÑ ÿßŸÑÿßŸÇŸÑÿßÿπ ŸÑÿ∑ŸàŸÉŸäŸàÿå ÿ≥ŸÖÿπÿ™ ÿßŸÜ ÿ≥ÿßÿπÿ© ŸÖÿß ÿ™ŸÉŸÅŸä!‚Ä¶ https://t.co/B3AVIkaV1p,140,1128378699584348167,2019-05-14 19:17:00,Twitter for iPhone,0,0
Shameful @emirates @emirates @EmiratesSupport https://t.co/tRGWbjnlgB,69,1128375668268339200,2019-05-14 19:04:58,Twitter for Android,0,1
@EmiratesSupport Thank you,26,1128373159441436672,2019-05-14 18:55:00,Twitter for iPhone,0,0
@EmiratesSupport Not yet booked im just enquiring if i can get a longer transit in dubai,88,1128371509746176000,2019-05-14 18:48:26,Twitter for Android,0,0
@EmiratesSupport ÿßŸÑÿ≥ŸÑÿßŸÖ ÿπŸÑŸäŸÉŸÖ ÿ≠ÿ®Ÿäÿ™ ÿßŸÉŸÜÿ≥ŸÑ ÿßŸÑÿ≠ÿ¨ÿ≤ ÿßŸà ÿßÿπÿØŸÑ ÿπŸÑŸâ ÿ™ÿßÿ±ŸäÿÆ ÿßŸÑÿ±ÿ≠ŸÑÿ© ÿßÿ∞ÿß ŸÖŸÖŸÉŸÜ,80,1128363083154513921,2019-05-14 18:14:57,Twitter for iPhone,0,0
Such a shame I have spent ¬£70 on a surprise bottle of champagne for my parents to celebrate a 30th wed ann. that wa‚Ä¶ https://t.co/R8RuvzGan6,140,1128361817170948101,2019-05-14 18:09:55,Twitter for iPhone,0,0
@EmiratesSupport how can you select my seat.. ?,47,1128360692149518336,2019-05-14 18:05:27,Twitter for Android,0,0
@emirates @EmiratesSupport @TeamUAEAbuDhabi Baby stroller damaged during flight from SFO to BLR and have written mu‚Ä¶ https://t.co/XwVxmvIVAT,140,1128357102458626048,2019-05-14 17:51:11,Twitter for iPhone,0,0
"@EmiratesSupport We keep running in circles here. I asked them where to find the IDs, they said in @CareemUAE email‚Ä¶ https://t.co/DqqDPyX8SX",140,1128339661410197504,2019-05-14 16:41:53,Twitter for iPhone,0,0
@EmiratesSupport Are you joking? A formal complaint is exactly what I did one year ago and that answer is what I go‚Ä¶ https://t.co/LltxUCKmtw,140,1128339095598567426,2019-05-14 16:39:38,Twitter for iPhone,0,0
@emirates @EmiratesSupport was on EK 226 and rows 52 &amp;53 HJK the floors were soaking wet. Was difficult to walk. Th‚Ä¶ https://t.co/Ho5m7VewvN,144,1128336909351124993,2019-05-14 16:30:57,Twitter for iPhone,0,0
@EmiratesSupport @CareemUAE I did but that doesn‚Äôt mean that I‚Äôm getting solutions here. I‚Äôve reached out to‚Ä¶ https://t.co/CZzgJK14NR,133,1128333591417622528,2019-05-14 16:17:46,Twitter for iPhone,0,0
"@EmiratesSupport It's been some years ago and I called, sent you several e-mails and even a letter to your regional‚Ä¶ https://t.co/uMlXBuJLjv",140,1128327444384092167,2019-05-14 15:53:20,Twitter for Android,0,0
"@EmiratesSupport ÿßŸÑÿ≥ŸÑÿßŸÖ ÿπŸÑŸäŸÉŸÖ Ÿàÿ±ÿ≠ŸÖÿ© ÿßŸÑŸÑŸá Ÿàÿ®ÿ±ŸÉÿßÿ™ÿ© 
ÿßÿÆŸàÿßŸÜŸä ŸÅŸä ÿ∑Ÿäÿ±ÿßŸÜ ÿßŸÑÿßŸÖÿßÿ±ÿßÿ™ ÿßÿ≥ÿπÿØ ÿßŸÑŸÑŸá ÿßŸàŸÇÿßÿ™ŸÉŸÖ ÿ®ŸÉŸÑ ÿÆŸäÿ± 
ÿ®ÿÆÿµŸàÿµ ÿ™ÿßÿÆŸäÿ± ÿ≠‚Ä¶ https://t.co/WztSmGow5t",140,1128319042383691776,2019-05-14 15:19:57,Twitter for iPhone,0,0
@EmiratesSupport how do I get in touch with your marketing team? #skywardsmember,80,1128302845986525190,2019-05-14 14:15:35,Twitter for iPhone,0,0
@EmiratesSupport If I have a reservation from Riyadh to Dar es Salaam Tanzania (economic level) How much weight and‚Ä¶ https://t.co/l4YrvwCRQt,140,1128302136461279233,2019-05-14 14:12:46,Twitter for iPhone,0,0
@EmiratesSupport BEWARE OF USING EMIRATES as they call police at dubai airport if you check with emirates officer i‚Ä¶ https://t.co/7ffbOPCszx,140,1128297270817054720,2019-05-14 13:53:26,Twitter Web Client,0,0
@EmiratesSupport Response to emirates harassment at dubai airport. its shameful with emirates response https://t.co/okkES8QCRU,126,1128295875271372800,2019-05-14 13:47:54,Twitter Web Client,0,0
@EmiratesSupport Thanku,23,1128283826407596035,2019-05-14 13:00:01,Twitter for iPhone,0,0
@amcmillan1512 @emirates @EmiratesSupport Can you help out please? I can provide information if @amcmillan1512 is not available.,128,1128281103016579072,2019-05-14 12:49:12,Twitter for iPhone,0,0
@EmiratesSupport Super GREAT SERVICE - THANK YOU VERY MUCH. https://t.co/qO0bKef5eN,83,1128278528817020929,2019-05-14 12:38:58,Twitter Web Client,0,0
@EmiratesSupport Thanks for getting back to me. Complaint now sent via the form online and I look forward to receiv‚Ä¶ https://t.co/pDcixW1oKi,140,1128275984782888961,2019-05-14 12:28:51,Twitter Web Client,0,0
@emirates @EmiratesSupport Wonder if there is anybody at the Emirates brand that is interested in the Emirates brand value üßê,124,1128255930158567424,2019-05-14 11:09:10,Twitter Web Client,0,0
@emirates @EmiratesSupport  the fact that the response from ur customer care team has been dismal is unprofessional‚Ä¶ https://t.co/UwNlWLKvh9,140,1128255757173047297,2019-05-14 11:08:29,Twitter Web Client,0,0
@emirates  @EmiratesSupport  We r regular customers (biz travel). V. disappointed wrt Lost luggage. Its been over 6‚Ä¶ https://t.co/RVZEtJAIi3,140,1128255591237836800,2019-05-14 11:07:49,Twitter Web Client,0,0
@EmiratesSupport ..3/3  because even we thought we will be heard by ur authorities but we guess no one at ur endis‚Ä¶ https://t.co/2SIXFm5YGc,139,1128249333642432513,2019-05-14 10:42:57,Twitter for Android,0,0
@EmiratesSupport 2/3 for an airline who claims to be No 1 internationally to Trouble their valued customers to the‚Ä¶ https://t.co/43aQMOGvOK,139,1128249135826472960,2019-05-14 10:42:10,Twitter for Android,0,0
"@EmiratesSupport Our Ref No: DXB/X/HT/060519/7513384
09 May 2019
This is the ref complaint no given to me after a w‚Ä¶ https://t.co/dVOZ8WF2J1",140,1128248925863927809,2019-05-14 10:41:20,Twitter for Android,0,0
"@EmiratesSupport I am sorry for you guys! The problem isn‚Äôt the delay, the problem is the obvious #discrimination i‚Ä¶ https://t.co/R8xv2BF8L1",140,1128240220649005056,2019-05-14 10:06:44,Twitter for iPhone,0,0
@EmiratesSupport when can I book my trip for April/May 2020 .... your website only showing up to 5th April,106,1128237055404855297,2019-05-14 09:54:10,Twitter for iPhone,0,0
@EmiratesSupport I reached 12 hours after my baggge arrived and shocked to see my bag lock broken. I opened my bag‚Ä¶ https://t.co/ULs0WbY5M9,139,1128220947373121536,2019-05-14 08:50:09,Twitter for iPhone,0,0
"@EmiratesSupport hi. I haven‚Äôt booked my flights yet. However, my travel agent couldn‚Äôt seem to find out of a parti‚Ä¶ https://t.co/oefafBTSsy",140,1128216457651732481,2019-05-14 08:32:19,Twitter for iPhone,0,0
"@EmiratesSupport

I travelled from Dallas to Bangalore on May 11. I missed my scheduled flight at Dubai and was reb‚Ä¶ https://t.co/EAYR7Wftqf",140,1128207889535868928,2019-05-14 07:58:16,Twitter for iPhone,0,0
Really disappointed in the bad service I‚Äôm getting from @CareemUAE and @EmiratesSupport to solve their issue of not‚Ä¶ https://t.co/rxuGtlSpRG,140,1128206652342251520,2019-05-14 07:53:21,Twitter for iPhone,0,0
"@EmiratesSupport Hi, yes knew minimum, but want to know how long it takes in real time. Thanks.",95,1128196421801275392,2019-05-14 07:12:42,Twitter Web Client,0,0
@EmiratesSupport Amer731@gmail.com,34,1128180618657923072,2019-05-14 06:09:54,Twitter for iPhone,0,0
@EmiratesSupport your offer is misleading for business class upgrade luring customers for low-miles upgrade then no‚Ä¶ https://t.co/uff288COLI,140,1128170498330963968,2019-05-14 05:29:41,Twitter for iPhone,0,0
@EmiratesSupport Are these tweets generated by a computer as not once do you answer the easy questions asked?,109,1128158109199998976,2019-05-14 04:40:28,Twitter for Android,0,0
@emirates @EmiratesSupport https://t.co/LGyi9Igfnf,50,1128155522379567105,2019-05-14 04:30:11,Twitter for Android,0,0
@EmiratesSupport When.i lodged complaint personally at airport it's not been taken seriously..I doubt complaint are taken seriously,131,1128145122510512133,2019-05-14 03:48:51,Twitter for Android,0,0
@EmiratesSupport I have just sent you a DM. Please kindly have a look into this matter. Thank you. https://t.co/vUu4FUpWjr,122,1128127482283069440,2019-05-14 02:38:46,Twitter for Android,0,0
@EmiratesSupport ÿßŸÑŸÖÿ¥ŸÉŸÑŸá Ÿäÿß ÿπÿ≤Ÿäÿ≤Ÿä ÿßŸÜŸáŸÖ ÿßŸÑŸÖÿ™ÿ≥ÿ®ÿ®ŸäŸÜ ŸÅŸä ŸÜŸáÿßŸäÿ© ÿßŸÑÿßŸÖŸäÿßŸÑ ŸÑÿØŸä ÿØŸàŸÜ ÿßŸÜ ÿßÿ≥ÿ™ŸÅŸäÿØ ŸÖŸÜŸáÿß Ÿàÿ®ÿπÿØ ÿ∑ŸàŸÑ ÿßŸÜÿ™ÿ∏ÿßÿ± ŸÑÿßŸÜÿµÿßŸÅŸä ŸÉÿß‚Ä¶ https://t.co/bxqe4NHuuY,140,1128105298147840002,2019-05-14 01:10:36,Twitter for iPhone,0,0
@PlanephotoU @emirates @Airbus @manairport @DXB @AirbusintheUK @EmiratesSupport @MAComRels @MT_Aviation‚Ä¶ https://t.co/KzyTBJPpad,128,1128051878061838336,2019-05-13 21:38:20,Twitter for iPhone,0,0
@ManAviation1107 @emirates @Airbus @manairport @DXB @AirbusintheUK @EmiratesSupport @MAComRels @MT_Aviation‚Ä¶ https://t.co/2d2NqL92yU,132,1128051653125582850,2019-05-13 21:37:26,Twitter for iPad,1,0
"@EmiratesSupport By the way, I am a business management consultant and customer service is one of my areas of exper‚Ä¶ https://t.co/r2Pot8H60y",140,1128032213482606592,2019-05-13 20:20:12,Twitter for Android,0,0
"@EmiratesSupport Better yet, ask him for his phone number so a live human being with the authority to solve the pro‚Ä¶ https://t.co/mSalmYSpoG",140,1128028354496479232,2019-05-13 20:04:52,Twitter for Android,0,0
@EmiratesSupport Please send a DM to @AllanCartee. He will supply the information you are requesting since he is th‚Ä¶ https://t.co/sWW7OvBg5m,140,1128027502364901376,2019-05-13 20:01:28,Twitter for Android,0,0
@EmiratesSupport Please contact me to assist with cancellation of flights due to death of passenger. I have sent a DM,117,1128013679163666433,2019-05-13 19:06:33,Twitter Web Client,0,0
"@emirates and @emiratesSupport, @EmmaHarris22 and I are heading to Bali on Thursday, flight EK010 in celebration of‚Ä¶ https://t.co/1o0aKADz3k",140,1128010323573780480,2019-05-13 18:53:13,Twitter for Android,0,0
@EmiratesSupport I‚Äôm not the lead person on the booking and I have no means of finding out the booking reference,112,1128007583007150080,2019-05-13 18:42:19,Twitter for iPhone,0,0
@EmiratesSupport I found it. Shared all the info when I arrived to Denmark they told me it will reach to me tomorro‚Ä¶ https://t.co/aYh1t3Wnw4,140,1127995424982360064,2019-05-13 17:54:01,Twitter for iPhone,0,0
@EmiratesSupport And I'm not sending a DM because there's no accountability there. Once a complaint is no longer pu‚Ä¶ https://t.co/rgweFENSwZ,140,1127992418685448192,2019-05-13 17:42:04,Twitter for Android,0,0
@EmiratesSupport And he went through the website to file his request and that never resulted in any response either‚Ä¶ https://t.co/ZqUSR4c6no,140,1127991755679264768,2019-05-13 17:39:26,Twitter for Android,0,0
@EmiratesSupport I have written to Emirates and dnata so many times they said come to dubai and take your money! So‚Ä¶ https://t.co/OtNey3wkux,140,1127991590742401025,2019-05-13 17:38:46,Twitter for Android,0,0
"@EmiratesSupport Sure, my friend was told ""we'll look into it and get back to you"" and nobody, in the last 6 months‚Ä¶ https://t.co/KL7ZDQPyB5",140,1127991051434614785,2019-05-13 17:36:38,Twitter for Android,0,0
@ManfredSShah @emirates @9944Farah @shorty_uli62 @MarionSpekker @universenme @Amber02150 @gail13sa @RannveigInga‚Ä¶ https://t.co/7nTl4iOsFF,137,1127988916555079680,2019-05-13 17:28:09,Twitter for iPhone,2,1
"@emirates @Airbus #A380 touching down at @manairport after it‚Äôs long flight from @DXB! I love the A380, it‚Äôs an ama‚Ä¶ https://t.co/JQRZRqzte0",140,1127986350857256969,2019-05-13 17:17:57,Twitter for iPhone,18,3
Hey @emirates it‚Äôs high time you guys teach your employees some manners. I can put out every single detail out here‚Ä¶ https://t.co/66BpYyE4VZ,140,1127976694042677248,2019-05-13 16:39:35,Twitter for iPhone,0,0
"@EmiratesSupport Considering both her names are on the passport it is difficult, but I already have a comment from‚Ä¶ https://t.co/hBiiBZCUfB",139,1127975526616961024,2019-05-13 16:34:56,Twitter for iPad,0,0
"@EmiratesSupport I am traveling to Chennai by Emirates on 14th May night flight, can you confirm the flight starts from T3 or DWTC?",131,1127975090078007297,2019-05-13 16:33:12,Twitter for iPhone,0,0
"@EmiratesSupport As you ^are sorry I feel this way"" can you remind me how I feel as I don't remember sharing my emo‚Ä¶ https://t.co/XgoFTJq93j",140,1127974532852146176,2019-05-13 16:31:00,Twitter for Android,0,0
"@EmiratesSupport Sorry my question which you have not answered is WHEN and WHY,?",80,1127973595110625280,2019-05-13 16:27:16,Twitter for Android,0,0
@EmiratesSupport ŸÑŸÑÿ¢ÿ≥ŸÅ ÿ•ŸáŸÖÿßŸÑ Ÿàÿßÿ∂ÿ≠ ŸàÿπÿØŸÖ ŸÖÿ±ÿßÿπÿßÿ© Ÿàÿ≥Ÿäÿßÿ≥ÿ© ÿ™ÿπŸàŸäÿ∂ ÿ≥Ÿäÿ¶ÿ© Ÿàÿ¥ÿ±Ÿàÿ∑ ÿ™ÿπÿ¨Ÿäÿ≤Ÿäÿ©,77,1127962062079057921,2019-05-13 15:41:26,Twitter for iPhone,0,2
@EmiratesSupport It seems very unfair to me that you cannot consider this as a valid reason for changing my flight‚Ä¶ https://t.co/LlXqBbwccS,139,1127951379451076608,2019-05-13 14:58:59,Twitter for Android,0,0
@EmiratesSupport Do you not think I have already checked with my travel insurer this is not your average reason for‚Ä¶ https://t.co/4rGpU49J0s,140,1127950957353029632,2019-05-13 14:57:19,Twitter for Android,0,0
"@EmiratesSupport That would be lovely if it were true, however every DM that has been sent has never been followed up on.",121,1127950619698843648,2019-05-13 14:55:58,Twitter for Android,0,0
@EmiratesSupport So I don‚Äôt get an update on the outcome of your investigation?,79,1127941421082787841,2019-05-13 14:19:25,Twitter for iPhone,0,0
"@EmiratesSupport please can you tell me which surname I should use for booking my wife, her Married name or her maiden name ? thanks",132,1127939862001274880,2019-05-13 14:13:13,Twitter for iPad,0,0
"@EmiratesSupport No need to talk in PM, as I'd like to show all my readers how you manage an issue with a business‚Ä¶ https://t.co/NZ6QmS5jRw",139,1127937618103160833,2019-05-13 14:04:18,Twitter Web App,0,0
@EmiratesSupport Hey @emirates - I had a pretty awful experience on a flight with you yesterday. Who should I conta‚Ä¶ https://t.co/c2oVktofMb,140,1127917118723432448,2019-05-13 12:42:51,Twitter Web Client,0,0
@EmiratesSupport good day I‚Äôve been checking on flights from Durban to Bangkok return during September cost came up‚Ä¶ https://t.co/uctrPTfy7j,140,1127904811356172288,2019-05-13 11:53:57,Twitter for iPhone,0,0
"@EmiratesSupport please can you advise me who to contact about damages to my suitcase, thank you https://t.co/Vc9AP5R8Ma",120,1127897706519777280,2019-05-13 11:25:43,Twitter for iPhone,0,0
@EmiratesSupport Your replies suck: I had a damaged luggage on a business class flight from NY to Milan and your cu‚Ä¶ https://t.co/3IKsFZmLLc,140,1127896027967651840,2019-05-13 11:19:03,Twitter Web App,0,0
@shivashyavi @JetBlue True. No one is taking care of passengers. I was literally run a to e gate to get the connect‚Ä¶ https://t.co/sakwPOFq35,140,1127882568018219009,2019-05-13 10:25:33,Twitter for iPhone,0,0
"@EmiratesSupport I am travelling to Dubai in June, and I am celebrating a huge milestone for one of my family membe‚Ä¶ https://t.co/1ES8ygaV04",140,1127876454526722048,2019-05-13 10:01:16,Twitter for iPhone,0,0
"@EmiratesSupport @emirates Dear Emirates, I made a booking from your site for a flight on 09thJun.. I selected the‚Ä¶ https://t.co/bm8HuEPdqt",139,1127874616247111680,2019-05-13 09:53:58,Twitter for iPhone,0,0
"@EmiratesSupport @emirates After questioning the response above, got this response with has some junk dates not at‚Ä¶ https://t.co/EmRWbp50mQ",139,1127874491181223942,2019-05-13 09:53:28,Twitter Web Client,0,0
"@EmiratesSupport @emirates Can you tell me , what this reply means,, under what circumstances my claim is not consi‚Ä¶ https://t.co/eXu0GnPuTA",140,1127873890703663104,2019-05-13 09:51:05,Twitter Web Client,0,0
@emirates @EmiratesSupport disappointed with my gf flight from New York to Dubai 14 hrs flight and the seat wouldn‚Äô‚Ä¶ https://t.co/3xq6jCQOLo,140,1127871390290341888,2019-05-13 09:41:08,Twitter for iPhone,0,0
"@EmiratesSupport You DM is just , "" we will reply you once getting any update from cust affairs"" ,, its unbelievabl‚Ä¶ https://t.co/qHi2GaHYkk",140,1127857485472092160,2019-05-13 08:45:53,Twitter Web Client,0,0
@EmiratesSupport Dm sent now...thanks,37,1127856832179916800,2019-05-13 08:43:18,Twitter for Android,0,0
@EmiratesSupport Good day Emirates Team! I left an iPad in my seat pocket on EK303 from PVG to DXB on Thu 9th...‚Ä¶ https://t.co/XJzAkKacli,137,1127841136654061568,2019-05-13 07:40:55,Twitter for iPhone,0,0
@EmiratesSupport @emirates In my next tweet I am going to add CEO of emirates ...,81,1127839976522039297,2019-05-13 07:36:19,Twitter Web Client,0,0
"@EmiratesSupport @EmiratesSupport @emirates  Your reply in DM is only ""we have asked for status and update you on g‚Ä¶ https://t.co/0ND5Ti4D2l",140,1127839839594864640,2019-05-13 07:35:46,Twitter Web Client,0,0
@EmiratesSupport I we are flying soon with our 7 month daughter. Does she have any luggage allowance given she will‚Ä¶ https://t.co/X5pV39G8Y8,140,1127836450924318720,2019-05-13 07:22:18,Twitter for Android,0,0
@EmiratesSupport What's the point of this Twitter account if I still have to reach out to a team and fill out a for‚Ä¶ https://t.co/96DNrGYLe0,140,1127816024588464129,2019-05-13 06:01:08,Twitter for Android,2,0
@EmiratesSupport We can keep this public since I don't have any important info. My booking id is DDJLXB. My wife's‚Ä¶ https://t.co/S0qRLwSKyK,139,1127813728051896320,2019-05-13 05:52:01,Twitter for Android,1,0
"@EmiratesSupport Hey, could you please upgrade my seat in EK 85, I developed a back ache and I'm traveling alone.",113,1127789003522990080,2019-05-13 04:13:46,Flamingo for Android,0,0
"@EmiratesSupport This still is still down. Booking partner airline tickets on an emirates is a scam. 

@emirates‚Ä¶ https://t.co/tAexYF8EDH",137,1127784634048114688,2019-05-13 03:56:24,Twitter Web Client,1,0
@ManfredSShah @emirates @9944Farah @shorty_uli62 @MarionSpekker @universenme @Amber02150 @gail13sa @RannveigInga‚Ä¶ https://t.co/FymzTHqUMt,137,1127772874712940544,2019-05-13 03:09:40,Twitter for iPad,3,1
"@EmiratesSupport Yes, I have also replied on DM. you guys need 10 days just to reply?? This is absolutely not right‚Ä¶ https://t.co/zn28C1HFBt",140,1127760183739002880,2019-05-13 02:19:15,Twitter Web App,0,0
@EmiratesSupport It‚Äôs not terrible. Just compared the A and B Gates it‚Äôs not the same standard.  Thanks for the message though.,127,1127753735105646594,2019-05-13 01:53:37,Twitter for iPhone,0,0
@emirates @EmiratesSupport @EmiratesSupport @emirates It's already been 10 days now and I have spent more than $1k‚Ä¶ https://t.co/p1ZoiyFTlb,139,1127729444112752641,2019-05-13 00:17:06,Twitter Web App,0,0
Now then. About those FA cup final tickets lads @emirates @EmiratesFACup @EmiratesSupport....,93,1127715890861158400,2019-05-12 23:23:14,Fenix 2,0,0
"@EmiratesSupport Okay thanks
If I book from your website we are a family of 6 members traveling from Riyadh to Orla‚Ä¶ https://t.co/Gpf2kGqONP",140,1127703164570959873,2019-05-12 22:32:40,Twitter for iPhone,0,0
@EmiratesSupport hi there. Can you advise who I can contact re an ‚ÄòEC Regulation 261/2004‚Äô claim that I raised FOUR‚Ä¶ https://t.co/KHbvisIlq4,140,1127685884046991360,2019-05-12 21:24:00,Twitter for iPhone,0,0
@universenme @gail13sa @ManfredSShah @emirates @DerickPauls @9944Farah @shorty_uli62 @MarionSpekker @Amber02150‚Ä¶ https://t.co/L4hYgExb51,136,1127661841939935233,2019-05-12 19:48:28,Twitter for Android,5,1
@EmiratesSupport I certainly will!,34,1127648685473574913,2019-05-12 18:56:11,Twitter for iPhone,0,0
@EmiratesSupport travelled first time with emirates on 7th of May and it was an experience I would like to forget.‚Ä¶ https://t.co/1xy6nwvcJo,139,1127640941941149696,2019-05-12 18:25:25,Twitter for iPhone,0,0
@EmiratesSupport https://t.co/jTuWs1TkHK,40,1127618411515846658,2019-05-12 16:55:54,Twitter for Android,0,0
@EmiratesSupport Will do,24,1127600982219735041,2019-05-12 15:46:38,Twitter for iPhone,0,0
@emirates @EmiratesSupport  you guys have been always the number one. But looks like u did that just to hook custom‚Ä¶ https://t.co/jIYyUTQqZX,140,1127599408739233794,2019-05-12 15:40:23,Twitter for iPhone,0,0
"@EmiratesSupport I'm still on the plane from Brussels to Dubai. I will file an official one, ones we arrive ...",111,1127597748117749761,2019-05-12 15:33:47,Twitter for Android,0,0
@EmiratesSupport Dear sir I submitted my complain with all supportive documents but your customer service is not ta‚Ä¶ https://t.co/SD8xQfI1tQ,140,1127593564785876992,2019-05-12 15:17:10,Twitter for Android,0,0
@EmiratesSupport I will,23,1127593344211783680,2019-05-12 15:16:17,Twitter for Android,0,0
@EmiratesSupport @katia_maxaieie yuüòπüòπüëêüèº,39,1127591348968857600,2019-05-12 15:08:21,Twitter for Android,0,0
@EmiratesSupport What details you looking. I gave booking reference number,74,1127587206963458048,2019-05-12 14:51:54,Twitter for Android,0,0
@emirates @EmiratesSupport After checkin at hyderabad airport to usa our bags were dragged and mis handled by agent‚Ä¶ https://t.co/V74sWuiQtw,140,1127587083135201287,2019-05-12 14:51:24,Twitter for iPhone,0,0
@EmiratesSupport how can I check a bags status if I don‚Äôt have a PIR number. Was the 4am flight from Dubai to Cape Town (DXB-CPT).,130,1127569416718356481,2019-05-12 13:41:12,Tweetbot for iŒüS,0,0
@EmiratesSupport @DXB This not only spoilt the start of our holiday but also that of another passenger. There were‚Ä¶ https://t.co/MoB0qCFBM1,139,1127569400389873664,2019-05-12 13:41:08,Twitter for Android,0,0
"@EmiratesSupport I'll share on here, again. We paid extra for specific seats, for medical reasons, and due to a del‚Ä¶ https://t.co/oWDHlPxjxK",140,1127568945517670401,2019-05-12 13:39:20,Twitter for Android,1,1
@EmiratesSupport hello I‚Äôm booking my flight through CheapOair from Riyadh to Orlando is this website legit ? And t‚Ä¶ https://t.co/ZuafbL3fRW,140,1127565042151567360,2019-05-12 13:23:49,Twitter for iPhone,0,0
@EmiratesSupport When should I expect a resolution?,51,1127535222025637892,2019-05-12 11:25:20,Twitter for Android,0,0
@EmiratesSupport I have already been through that before. all you say is that you will refund it to my dad's credit‚Ä¶ https://t.co/LtxJvOELdm,140,1127490269006352384,2019-05-12 08:26:42,Twitter for Android,0,0
"@EmiratesSupport this is your useless reply
Hi 
Our Customer Relations Team considers the matter closed and won‚Äôt b‚Ä¶ https://t.co/Kh463pRfzZ",140,1127485872213856257,2019-05-12 08:09:14,Twitter for Android,0,1
"Adding @EmiratesSupport 

Please help.",38,1127483678458830849,2019-05-12 08:00:31,Twitter for Android,0,0
@EmiratesSupport   intend to sponsor any club in Brazil?,56,1127414614512345088,2019-05-12 03:26:05,Twitter for Android,0,0
@EmiratesSupport Done x,23,1127398228427718656,2019-05-12 02:20:58,Twitter for Android,0,0
"@EmiratesSupport Am humbled and Honoured big time.
Thank u once again. Great memories to carry all the way.",107,1127377799961108480,2019-05-12 00:59:47,Twitter for Android,0,0
"@EmiratesSupport 
Can I accumulate JAL miles?",45,1127369332931973121,2019-05-12 00:26:09,Twitter for iPhone,0,0
@EmiratesFACup @EmiratesSupport hello guys. I've submitted a bid to trade all my skyward miles for tickets to the c‚Ä¶ https://t.co/ePi9ZIfZm4,140,1127352394075996160,2019-05-11 23:18:50,Twitter for Android,0,0
"@EmiratesSupport i just paid ticket , but I did not get reservation number so i can not find my schedule. please check and let me know",134,1127348512704720896,2019-05-11 23:03:25,Twitter Web Client,0,0
@EmiratesSupport Finally I have reached but my bag hasn‚Äôt reached . Next pain started,85,1127344392233054208,2019-05-11 22:47:02,Twitter for iPhone,0,0
"@EmiratesSupport This doesn't work when I use it
 Please provide an email address for me to log my complaint.",109,1127334428139610112,2019-05-11 22:07:27,Twitter for Android,0,0
"It‚Äôs not even about the delay, poor information &amp; the mid-advise of the cost now. It‚Äôs the fact that nobody is read‚Ä¶ https://t.co/OOfZIRfHE3",144,1127312021081530369,2019-05-11 20:38:24,Twitter for iPhone,0,0
@EmiratesSupport Can‚Äôt wait for the return trip and hope to experience your business class one day... if economy class is that amazing! :-),139,1127307558186827777,2019-05-11 20:20:40,Twitter for iPhone,0,0
Then I receive an email from a MANAGER who has difficulty with spelling &amp; grammar who had true audacity to tell me‚Ä¶ https://t.co/xZNzZRVbj0,143,1127299260280709121,2019-05-11 19:47:42,Twitter for iPhone,0,0
1/7: Does anyone @emiratesholsuk @EmiratesSupport actually read what is being sent to them..? #poorservice https://t.co/xW44eFS1uR,130,1127298257330286592,2019-05-11 19:43:43,Twitter for iPhone,0,0
@EmiratesSupport @Sumitibm1 ÿßÿ±ŸäÿØ ÿßÿ±ŸÇÿßŸÖ ÿßŸÑÿ™ŸàÿßÿµŸÑ ŸÖÿπŸÉŸÖ,51,1127276959321481224,2019-05-11 18:19:05,Twitter for iPhone,0,0
@EmiratesSupport sent a DM. Please advise,41,1127257321242017797,2019-05-11 17:01:03,Twitter Web Client,0,0
Big üëãüëãüëã @EmiratesSupport for doing their best after checking in all the way up till boarding to change my seat. Eve‚Ä¶ https://t.co/kfXqieGf9s,140,1127249002699874304,2019-05-11 16:28:00,Twitter for Android,0,0
Any free flights to Baku @EmiratesSupport ... you do sponsor the club and all that...,85,1127244268370825216,2019-05-11 16:09:11,Twitter for iPhone,0,0
@EmiratesSupport can i use my credit card to book tickets for my mum and sister,79,1127237837231984641,2019-05-11 15:43:38,Twitter Web Client,0,0
@EmiratesSupport Am unable to claim my miles and it sucks as the app keeps hanging! https://t.co/EYYoKGhVyl,107,1127237413787451392,2019-05-11 15:41:57,Twitter for Android,0,0
@EmiratesSupport Thanks have got my seats booked.,49,1127183975074525185,2019-05-11 12:09:36,Twitter for iPhone,0,0
@emirates @EmiratesSupport I have filed a complaint/refund request a few days ago about extra $750 charged to my ca‚Ä¶ https://t.co/xKrZ5bo3XN,140,1127178667354984448,2019-05-11 11:48:30,Twitter Web App,0,0
@EmiratesSupport you don‚Äôt happen to be hiring any 15 year old A380 Pilots üòÇ,76,1127164876823105536,2019-05-11 10:53:43,Twitter for iPhone,0,0
@EmiratesSupport do you have a contact email or phone number to discuss upgrading my flight?,92,1127164322113892352,2019-05-11 10:51:30,Twitter for iPhone,0,0
"@CitizensAdvice @EmiratesSupport Much appreciated Gemma, will definitely drop a call to @CitizensAdvice for some guidance on the situation",138,1127151724999979008,2019-05-11 10:01:27,Twitter for iPhone,0,0
@EmiratesSupport You've given a standard response by asking me to make a complaint. Either your website is wrong or‚Ä¶ https://t.co/Kk4SHqztpL,140,1127131048914165760,2019-05-11 08:39:17,Twitter for Android,0,0
@EmiratesSupport I will share my details via DM but feel it's going to be pointless as I've contacted Emirates five‚Ä¶ https://t.co/xLlGsuu5Qg,140,1127111911202590720,2019-05-11 07:23:15,Twitter for iPhone,0,0
"@fh41der @EmiratesSupport Hi Sial, If you need more help on this you can call our consumer helpline on 03454 04 05‚Ä¶ https://t.co/jd65ffnGeO",139,1127104843351511041,2019-05-11 06:55:09,TweetDeck,0,0
